{
    "Max_Radius": 9,
    "Points_Per_Inch": 3,
    "Arena_Height": 39,
    "Inner_Radius": 3.0,
    "Outer_Radius": 6.693,
    "Arena_Center_xy_From_Top": [-1.199405162390885, -1.6960642799627483]
}